"Comparison","Jaccard","Overlap_Coefficient","Database"
"ORA vs GSEA",0.279761904761905,0.594936708860759,"KEGG"
"GSEA vs GScore",0.376425855513308,0.727941176470588,"KEGG"
"ORA vs GScore",0.138059701492537,0.468354430379747,"KEGG"
"ORA vs GSEA",0.163277880468269,0.282515991471215,"GO"
"GSEA vs GScore",0.0861618798955614,0.243157894736842,"GO"
"ORA vs GScore",0.056081573197378,0.164179104477612,"GO"
