"Comparison","Jaccard","Overlap_Coefficient"
"ORA vs GSEA",0.279761904761905,0.594936708860759
"GSEA vs GScore",0.376425855513308,0.727941176470588
"ORA vs GScore",0.138059701492537,0.468354430379747
