"Comparison","Jaccard","Overlap_Coefficient"
"ORA vs GSEA",0.163277880468269,0.282515991471215
"GSEA vs GScore",0.0861618798955614,0.243157894736842
"ORA vs GScore",0.056081573197378,0.164179104477612
